"fecha","ripte_priv","ist_nom_priv","ist_nom_pub","haber_minimo","sipa_prom_priv","sipa_med_priv"
1971-01-01,NA,NA,NA,170,NA,NA
1971-02-01,NA,NA,NA,170,NA,NA
1971-03-01,NA,NA,NA,170,NA,NA
1971-04-01,NA,NA,NA,170,NA,NA
1971-05-01,NA,NA,NA,250,NA,NA
1971-06-01,NA,NA,NA,250,NA,NA
1971-07-01,NA,NA,NA,250,NA,NA
1971-08-01,NA,NA,NA,250,NA,NA
1971-09-01,NA,NA,NA,250,NA,NA
1971-10-01,NA,NA,NA,288,NA,NA
1971-11-01,NA,NA,NA,288,NA,NA
1971-12-01,NA,NA,NA,288,NA,NA
1972-01-01,NA,NA,NA,288,NA,NA
1972-02-01,NA,NA,NA,288,NA,NA
1972-03-01,NA,NA,NA,288,NA,NA
1972-04-01,NA,NA,NA,288,NA,NA
1972-05-01,NA,NA,NA,288,NA,NA
1972-06-01,NA,NA,NA,288,NA,NA
1972-07-01,NA,NA,NA,330,NA,NA
1972-08-01,NA,NA,NA,330,NA,NA
1972-09-01,NA,NA,NA,330,NA,NA
1972-10-01,NA,NA,NA,370,NA,NA
1972-11-01,NA,NA,NA,370,NA,NA
1972-12-01,NA,NA,NA,370,NA,NA
1973-01-01,NA,NA,NA,462,NA,NA
1973-02-01,NA,NA,NA,462,NA,NA
1973-03-01,NA,NA,NA,462,NA,NA
1973-04-01,NA,NA,NA,462,NA,NA
1973-05-01,NA,NA,NA,462,NA,NA
1973-06-01,NA,NA,NA,615,NA,NA
1973-07-01,NA,NA,NA,615,NA,NA
1973-08-01,NA,NA,NA,615,NA,NA
1973-09-01,NA,NA,NA,615,NA,NA
1973-10-01,NA,NA,NA,615,NA,NA
1973-11-01,NA,NA,NA,615,NA,NA
1973-12-01,NA,NA,NA,615,NA,NA
1974-01-01,NA,NA,NA,800,NA,NA
1974-02-01,NA,NA,NA,800,NA,NA
1974-03-01,NA,NA,NA,800,NA,NA
1974-04-01,NA,NA,NA,800,NA,NA
1974-05-01,NA,NA,NA,800,NA,NA
1974-06-01,NA,NA,NA,1000,NA,NA
1974-07-01,NA,NA,NA,1000,NA,NA
1974-08-01,NA,NA,NA,1000,NA,NA
1974-09-01,NA,NA,NA,1000,NA,NA
1974-10-01,NA,NA,NA,1000,NA,NA
1974-11-01,NA,NA,NA,1000,NA,NA
1974-12-01,NA,NA,NA,1000,NA,NA
1975-01-01,NA,NA,NA,1300,NA,NA
1975-02-01,NA,NA,NA,1300,NA,NA
1975-03-01,NA,NA,NA,1630,NA,NA
1975-04-01,NA,NA,NA,1630,NA,NA
1975-05-01,NA,NA,NA,1630,NA,NA
1975-06-01,NA,NA,NA,4238,NA,NA
1975-07-01,NA,NA,NA,4238,NA,NA
1975-08-01,NA,NA,NA,4238,NA,NA
1975-09-01,NA,NA,NA,4238,NA,NA
1975-10-01,NA,NA,NA,4238,NA,NA
1975-11-01,NA,NA,NA,4660,NA,NA
1975-12-01,NA,NA,NA,4660,NA,NA
1976-01-01,NA,NA,NA,6480,NA,NA
1976-02-01,NA,NA,NA,6480,NA,NA
1976-03-01,NA,NA,NA,8060,NA,NA
1976-04-01,NA,NA,NA,8060,NA,NA
1976-05-01,NA,NA,NA,8060,NA,NA
1976-06-01,NA,NA,NA,10000,NA,NA
1976-07-01,NA,NA,NA,10000,NA,NA
1976-08-01,NA,NA,NA,10000,NA,NA
1976-09-01,NA,NA,NA,11200,NA,NA
1976-10-01,NA,NA,NA,11200,NA,NA
1976-11-01,NA,NA,NA,12880,NA,NA
1976-12-01,NA,NA,NA,12880,NA,NA
1977-01-01,NA,NA,NA,15456,NA,NA
1977-02-01,NA,NA,NA,15456,NA,NA
1977-03-01,NA,NA,NA,18240,NA,NA
1977-04-01,NA,NA,NA,18240,NA,NA
1977-05-01,NA,NA,NA,21240,NA,NA
1977-06-01,NA,NA,NA,21240,NA,NA
1977-07-01,NA,NA,NA,26600,NA,NA
1977-08-01,NA,NA,NA,26600,NA,NA
1977-09-01,NA,NA,NA,30000,NA,NA
1977-10-01,NA,NA,NA,30000,NA,NA
1977-11-01,NA,NA,NA,30000,NA,NA
1977-12-01,NA,NA,NA,30000,NA,NA
1978-01-01,NA,NA,NA,48600,NA,NA
1978-02-01,NA,NA,NA,48600,NA,NA
1978-03-01,NA,NA,NA,48600,NA,NA
1978-04-01,NA,NA,NA,56000,NA,NA
1978-05-01,NA,NA,NA,56000,NA,NA
1978-06-01,NA,NA,NA,80000,NA,NA
1978-07-01,NA,NA,NA,80000,NA,NA
1978-08-01,NA,NA,NA,80000,NA,NA
1978-09-01,NA,NA,NA,1e+05,NA,NA
1978-10-01,NA,NA,NA,1e+05,NA,NA
1978-11-01,NA,NA,NA,1e+05,NA,NA
1978-12-01,NA,NA,NA,140000,NA,NA
1979-01-01,NA,NA,NA,140000,NA,NA
1979-02-01,NA,NA,NA,140000,NA,NA
1979-03-01,NA,NA,NA,175000,NA,NA
1979-04-01,NA,NA,NA,175000,NA,NA
1979-05-01,NA,NA,NA,175000,NA,NA
1979-06-01,NA,NA,NA,175000,NA,NA
1979-07-01,NA,NA,NA,175000,NA,NA
1979-08-01,NA,NA,NA,218750,NA,NA
1979-09-01,NA,NA,NA,218750,NA,NA
1979-10-01,NA,NA,NA,218750,NA,NA
1979-11-01,NA,NA,NA,218750,NA,NA
1979-12-01,NA,NA,NA,3e+05,NA,NA
1980-01-01,NA,NA,NA,3e+05,NA,NA
1980-02-01,NA,NA,NA,3e+05,NA,NA
1980-03-01,NA,NA,NA,3e+05,NA,NA
1980-04-01,NA,NA,NA,372000,NA,NA
1980-05-01,NA,NA,NA,372000,NA,NA
1980-06-01,NA,NA,NA,372000,NA,NA
1980-07-01,NA,NA,NA,446400,NA,NA
1980-08-01,NA,NA,NA,446400,NA,NA
1980-09-01,NA,NA,NA,446400,NA,NA
1980-10-01,NA,NA,NA,517830,NA,NA
1980-11-01,NA,NA,NA,517830,NA,NA
1980-12-01,NA,NA,NA,517830,NA,NA
1981-01-01,NA,NA,NA,621400,NA,NA
1981-02-01,NA,NA,NA,621400,NA,NA
1981-03-01,NA,NA,NA,621400,NA,NA
1981-04-01,NA,NA,NA,720830,NA,NA
1981-05-01,NA,NA,NA,720830,NA,NA
1981-06-01,NA,NA,NA,720830,NA,NA
1981-07-01,NA,NA,NA,1e+06,NA,NA
1981-08-01,NA,NA,NA,1e+06,NA,NA
1981-09-01,NA,NA,NA,1e+06,NA,NA
1981-10-01,NA,NA,NA,1150000,NA,NA
1981-11-01,NA,NA,NA,1150000,NA,NA
1981-12-01,NA,NA,NA,1150000,NA,NA
1982-01-01,NA,NA,NA,1150000,NA,NA
1982-02-01,NA,NA,NA,1150000,NA,NA
1982-03-01,NA,NA,NA,1150000,NA,NA
1982-04-01,NA,NA,NA,1500000,NA,NA
1982-05-01,NA,NA,NA,1500000,NA,NA
1982-06-01,NA,NA,NA,1500000,NA,NA
1982-07-01,NA,NA,NA,1850000,NA,NA
1982-08-01,NA,NA,NA,1850000,NA,NA
1982-09-01,NA,NA,NA,2500000,NA,NA
1982-10-01,NA,NA,NA,2800000,NA,NA
1982-11-01,NA,NA,NA,3276000,NA,NA
1982-12-01,NA,NA,NA,4e+06,NA,NA
1983-01-01,NA,NA,NA,4560000,NA,NA
1983-02-01,NA,NA,NA,5100000,NA,NA
1983-03-01,NA,NA,NA,6e+06,NA,NA
1983-04-01,NA,NA,NA,7e+06,NA,NA
1983-05-01,NA,NA,NA,7840000,NA,NA
1983-06-01,NA,NA,NA,880,NA,NA
1983-07-01,NA,NA,NA,880,NA,NA
1983-08-01,NA,NA,NA,1040,NA,NA
1983-09-01,NA,NA,NA,1400,NA,NA
1983-10-01,NA,NA,NA,1680,NA,NA
1983-11-01,NA,NA,NA,2000,NA,NA
1983-12-01,NA,NA,NA,2380,NA,NA
1984-01-01,NA,NA,NA,2761,NA,NA
1984-02-01,NA,NA,NA,3037,NA,NA
1984-03-01,NA,NA,NA,3341,NA,NA
1984-04-01,NA,NA,NA,4260,NA,NA
1984-05-01,NA,NA,NA,4644,NA,NA
1984-06-01,NA,NA,NA,5387,NA,NA
1984-07-01,NA,NA,NA,6626,NA,NA
1984-08-01,NA,NA,NA,7952,NA,NA
1984-09-01,NA,NA,NA,9630,NA,NA
1984-10-01,NA,NA,NA,12134,NA,NA
1984-11-01,NA,NA,NA,14075,NA,NA
1984-12-01,NA,NA,NA,16328,NA,NA
1985-01-01,NA,NA,NA,19594,NA,NA
1985-02-01,NA,NA,NA,23513,NA,NA
1985-03-01,NA,NA,NA,28216,NA,NA
1985-04-01,NA,NA,NA,36116,NA,NA
1985-05-01,NA,NA,NA,46770,NA,NA
1985-06-01,NA,NA,NA,58510,NA,NA
1985-07-01,NA,NA,NA,58.51,NA,NA
1985-08-01,NA,NA,NA,58.51,NA,NA
1985-09-01,NA,NA,NA,58.51,NA,NA
1985-10-01,NA,NA,NA,67,NA,NA
1985-11-01,NA,NA,NA,67,NA,NA
1985-12-01,NA,NA,NA,67,NA,NA
1986-01-01,NA,NA,NA,70,NA,NA
1986-02-01,NA,NA,NA,70,NA,NA
1986-03-01,NA,NA,NA,70,NA,NA
1986-04-01,NA,NA,NA,80,NA,NA
1986-05-01,NA,NA,NA,80,NA,NA
1986-06-01,NA,NA,NA,95,NA,NA
1986-07-01,NA,NA,NA,95,NA,NA
1986-08-01,NA,NA,NA,95,NA,NA
1986-09-01,NA,NA,NA,105,NA,NA
1986-10-01,NA,NA,NA,105,NA,NA
1986-11-01,NA,NA,NA,115,NA,NA
1986-12-01,NA,NA,NA,115,NA,NA
1987-01-01,NA,NA,NA,126,NA,NA
1987-02-01,NA,NA,NA,126,NA,NA
1987-03-01,NA,NA,NA,132,NA,NA
1987-04-01,NA,NA,NA,132,NA,NA
1987-05-01,NA,NA,NA,140,NA,NA
1987-06-01,NA,NA,NA,140,NA,NA
1987-07-01,NA,NA,NA,140,NA,NA
1987-08-01,NA,NA,NA,150,NA,NA
1987-09-01,NA,NA,NA,165,NA,NA
1987-10-01,NA,NA,NA,185,NA,NA
1987-11-01,NA,NA,NA,185,NA,NA
1987-12-01,NA,NA,NA,185,NA,NA
1988-01-01,NA,NA,NA,185,NA,NA
1988-02-01,NA,NA,NA,260,NA,NA
1988-03-01,NA,NA,NA,300,NA,NA
1988-04-01,NA,NA,NA,400,NA,NA
1988-05-01,NA,NA,NA,400,NA,NA
1988-06-01,NA,NA,NA,700,NA,NA
1988-07-01,NA,NA,NA,820,NA,NA
1988-08-01,NA,NA,NA,940,NA,NA
1988-09-01,NA,NA,NA,1185,NA,NA
1988-10-01,NA,NA,NA,1305,NA,NA
1988-11-01,NA,NA,NA,1305,NA,NA
1988-12-01,NA,NA,NA,1470,NA,NA
1989-01-01,NA,NA,NA,1470,NA,NA
1989-02-01,NA,NA,NA,1700,NA,NA
1989-03-01,NA,NA,NA,1700,NA,NA
1989-04-01,NA,NA,NA,2585,NA,NA
1989-05-01,NA,NA,NA,3232,NA,NA
1989-06-01,NA,NA,NA,7200,NA,NA
1989-07-01,NA,NA,NA,16400,NA,NA
1989-08-01,NA,NA,NA,28000,NA,NA
1989-09-01,NA,NA,NA,28000,NA,NA
1989-10-01,NA,NA,NA,40000,NA,NA
1989-11-01,NA,NA,NA,40000,NA,NA
1989-12-01,NA,NA,NA,64000,NA,NA
1990-01-01,NA,NA,NA,104600,NA,NA
1990-02-01,NA,NA,NA,130000,NA,NA
1990-03-01,NA,NA,NA,200200,NA,NA
1990-04-01,NA,NA,NA,400400,NA,NA
1990-05-01,NA,NA,NA,470470,NA,NA
1990-06-01,NA,NA,NA,530000,NA,NA
1990-07-01,NA,NA,NA,530000,NA,NA
1990-08-01,NA,NA,NA,620000,NA,NA
1990-09-01,NA,NA,NA,670000,NA,NA
1990-10-01,NA,NA,NA,750000,NA,NA
1990-11-01,NA,NA,NA,8e+05,NA,NA
1990-12-01,NA,NA,NA,8e+05,NA,NA
1991-01-01,NA,NA,NA,8e+05,NA,NA
1991-02-01,NA,NA,NA,1e+06,NA,NA
1991-03-01,NA,NA,NA,1200000,NA,NA
1991-04-01,NA,NA,NA,1200000,NA,NA
1991-05-01,NA,NA,NA,1200000,NA,NA
1991-06-01,NA,NA,NA,1200000,NA,NA
1991-07-01,NA,NA,NA,1200000,NA,NA
1991-08-01,NA,NA,NA,1500000,NA,NA
1991-09-01,NA,NA,NA,1500000,NA,NA
1991-10-01,NA,NA,NA,1500000,NA,NA
1991-11-01,NA,NA,NA,1500000,NA,NA
1991-12-01,NA,NA,NA,1500000,NA,NA
1992-01-01,NA,NA,NA,150,NA,NA
1992-02-01,NA,NA,NA,150,NA,NA
1992-03-01,NA,NA,NA,150,NA,NA
1992-04-01,NA,NA,NA,150,NA,NA
1992-05-01,NA,NA,NA,150,NA,NA
1992-06-01,NA,NA,NA,150,NA,NA
1992-07-01,NA,NA,NA,150,NA,NA
1992-08-01,NA,NA,NA,150,NA,NA
1992-09-01,NA,NA,NA,150,NA,NA
1992-10-01,NA,NA,NA,150,NA,NA
1992-11-01,NA,NA,NA,150,NA,NA
1992-12-01,NA,NA,NA,150,NA,NA
1993-01-01,NA,NA,NA,150,NA,NA
1993-02-01,NA,NA,NA,150,NA,NA
1993-03-01,NA,NA,NA,150,NA,NA
1993-04-01,NA,NA,NA,150,NA,NA
1993-05-01,NA,NA,NA,150,NA,NA
1993-06-01,NA,NA,NA,150,NA,NA
1993-07-01,NA,NA,NA,150,NA,NA
1993-08-01,NA,NA,NA,150,NA,NA
1993-09-01,NA,NA,NA,150,NA,NA
1993-10-01,NA,NA,NA,150,NA,NA
1993-11-01,NA,NA,NA,150,NA,NA
1993-12-01,NA,NA,NA,150,NA,NA
1994-01-01,NA,NA,NA,150,NA,NA
1994-02-01,NA,NA,NA,150,NA,NA
1994-03-01,NA,NA,NA,150,NA,NA
1994-04-01,NA,NA,NA,150,NA,NA
1994-05-01,NA,NA,NA,150,NA,NA
1994-06-01,NA,NA,NA,150,NA,NA
1994-07-01,874.87,NA,NA,150,NA,NA
1994-08-01,893,NA,NA,150,NA,NA
1994-09-01,907.99,NA,NA,150,NA,NA
1994-10-01,910.75,NA,NA,150,NA,NA
1994-11-01,916.93,NA,NA,150,NA,NA
1994-12-01,936.83,NA,NA,150,NA,NA
1995-01-01,934.85,NA,NA,150,885.22,546.48
1995-02-01,928.29,NA,NA,150,826.49,526.2
1995-03-01,931.37,NA,NA,150,825.71,537.8
1995-04-01,909.07,NA,NA,150,785.44,516.13
1995-05-01,920.51,NA,NA,150,799.84,531.14
1995-06-01,944.4,NA,NA,150,1206.21,787.69
1995-07-01,914.41,NA,NA,150,810.2,534.46
1995-08-01,912.86,NA,NA,150,805.71,536.89
1995-09-01,914.69,NA,NA,150,807.08,530.06
1995-10-01,916.48,NA,NA,150,809.13,535.5
1995-11-01,921.41,NA,NA,150,813.97,533.8
1995-12-01,938.88,NA,NA,150,1254.79,793.31
1996-01-01,938.19,NA,NA,150,864.39,539.28
1996-02-01,933.47,NA,NA,150,816.04,523.98
1996-03-01,932.13,NA,NA,150,807.94,517.19
1996-04-01,924.13,NA,NA,150,797.32,517.91
1996-05-01,929.27,NA,NA,150,805.12,527.29
1996-06-01,940.95,NA,NA,150,1173.06,753.14
1996-07-01,930.16,NA,NA,150,801.17,519.41
1996-08-01,936.68,NA,NA,150,802.38,518.16
1996-09-01,939.25,NA,NA,150,803.74,511.09
1996-10-01,940.12,NA,NA,150,807.01,522.57
1996-11-01,921.9,NA,NA,150,799.97,505.9
1996-12-01,940.06,NA,NA,150,1206.57,747.05
1997-01-01,923.49,NA,NA,150,850.79,516.38
1997-02-01,923.58,NA,NA,150,803.39,503.96
1997-03-01,919.47,NA,NA,150,801.45,506.16
1997-04-01,912.02,NA,NA,150,792.93,505.17
1997-05-01,914.59,NA,NA,150,798.7,511.67
1997-06-01,928.71,NA,NA,150,1168.7,735.84
1997-07-01,905.95,NA,NA,150,797.83,510.8
1997-08-01,898.67,NA,NA,150,790.96,503.2
1997-09-01,910.27,NA,NA,150,801.38,510
1997-10-01,913.02,NA,NA,150,815.65,512.92
1997-11-01,899.56,NA,NA,150,792.57,500
1997-12-01,915.57,NA,NA,150,1206.03,741.15
1998-01-01,912.48,NA,NA,150,854.06,510.4
1998-02-01,908.13,NA,NA,150,810.32,501
1998-03-01,910.79,NA,NA,150,817.08,504.5
1998-04-01,899.86,NA,NA,150,807.27,505.57
1998-05-01,896.37,NA,NA,150,799.62,505.34
1998-06-01,920.38,NA,NA,150,1182.23,738.84
1998-07-01,898.35,NA,NA,150,805.11,509.45
1998-08-01,888.71,NA,NA,150,801.95,504.35
1998-09-01,894.03,NA,NA,150,802.73,505.78
1998-10-01,892.2,NA,NA,150,817.63,507.45
1998-11-01,891.18,NA,NA,150,801.99,500
1998-12-01,905.15,NA,NA,150,1224.79,743.81
1999-01-01,890.77,NA,NA,150,857.37,508.19
1999-02-01,897.38,NA,NA,150,821.08,500.61
1999-03-01,896.72,NA,NA,150,826.2,506.49
1999-04-01,884.93,NA,NA,150,814.42,504.04
1999-05-01,883.81,NA,NA,150,804,505
1999-06-01,898.59,NA,NA,150,1189.4,736.24
1999-07-01,888.23,NA,NA,150,806.62,506.01
1999-08-01,883.4,NA,NA,150,806.68,504.1
1999-09-01,886.14,NA,NA,150,809.59,505.24
1999-10-01,888.3,NA,NA,150,814.85,503.95
1999-11-01,887.21,NA,NA,150,809.29,503.26
1999-12-01,892.14,NA,NA,150,1225.38,744.61
2000-01-01,888.29,NA,NA,150,870.85,514.15
2000-02-01,893.47,NA,NA,150,833.5,506.09
2000-03-01,889.13,NA,NA,150,839.65,508.73
2000-04-01,871.69,NA,NA,150,828.26,502.75
2000-05-01,878.6,NA,NA,150,813.42,510.25
2000-06-01,903.02,NA,NA,150,1192.52,739.29
2000-07-01,882.35,NA,NA,150,812.29,505.83
2000-08-01,881.81,NA,NA,150,815.24,506.48
2000-09-01,883.15,NA,NA,150,813.33,503
2000-10-01,879.95,NA,NA,150,818.51,503.33
2000-11-01,877.91,NA,NA,150,802.66,498.96
2000-12-01,884.83,NA,NA,150,1210.71,730
2001-01-01,887.75,NA,NA,150,872.13,510.4
2001-02-01,892.27,NA,NA,150,834.76,501
2001-03-01,892.12,NA,NA,150,843.71,500.5
2001-04-01,884.92,NA,NA,150,821.64,502.67
2001-05-01,882.57,NA,NA,150,818.16,505.5
2001-06-01,889.09,NA,NA,150,1181.61,723.36
2001-07-01,881.29,NA,NA,150,802.91,500
2001-08-01,879.63,NA,NA,150,809.21,500
2001-09-01,876.4,NA,NA,150,800.27,497.08
2001-10-01,880.26,NA,NA,150,809.34,500
2001-11-01,875.83,NA,NA,150,804.6,499.66
2001-12-01,870.52,NA,NA,150,1200.61,727.27
2002-01-01,875.77,NA,NA,150,855.9,510.21
2002-02-01,887.02,NA,NA,150,852.26,501.25
2002-03-01,882.39,NA,NA,150,839.09,500.99
2002-04-01,882.13,NA,NA,150,836.76,504
2002-05-01,882.12,NA,NA,150,840.09,506.92
2002-06-01,874.52,NA,NA,150,1204.94,727.2
2002-07-01,906.76,NA,NA,150,869.14,544.17
2002-08-01,885.3,NA,NA,150,867.47,545.81
2002-09-01,891.87,NA,NA,150,868.73,544.92
2002-10-01,900.78,NA,NA,150,902.16,561.81
2002-11-01,894.65,NA,NA,150,885.77,554.8
2002-12-01,900.69,NA,NA,150,1316.54,789.59
2003-01-01,882.03,NA,NA,150,979.81,593.45
2003-02-01,890.6,NA,NA,150,947.12,584.99
2003-03-01,892.09,NA,NA,150,961.15,599.13
2003-04-01,889.92,NA,NA,150,947.83,599.71
2003-05-01,887.23,NA,NA,150,947.96,633.56
2003-06-01,903.82,NA,NA,150,1338.85,855
2003-07-01,918.96,NA,NA,220,967.54,649.84
2003-08-01,941.34,NA,NA,220,970.19,651.88
2003-09-01,971.97,NA,NA,220,985.84,666.79
2003-10-01,1008.52,NA,NA,220,1018.61,683.4
2003-11-01,1020.36,NA,NA,220,1012.95,681.51
2003-12-01,1040.73,NA,NA,220,1521.15,1002
2004-01-01,1065.01,NA,NA,240,1145.96,751.46
2004-02-01,1090.92,NA,NA,240,1131.09,760.3
2004-03-01,1102.42,NA,NA,240,1161.59,773.49
2004-04-01,1099.03,NA,NA,240,1131.9,771.52
2004-05-01,1088.57,NA,NA,240,1107.73,767.45
2004-06-01,1100.62,NA,NA,260,1593.52,1099.9
2004-07-01,1087.79,NA,NA,260,1105.03,767.06
2004-08-01,1085.02,NA,NA,260,1106.81,767.94
2004-09-01,1083.64,NA,NA,308,1109.56,768.95
2004-10-01,1088.43,NA,NA,308,1125.36,767.72
2004-11-01,1090.41,NA,NA,308,1115.9,770.32
2004-12-01,1102.69,NA,NA,308,1676.47,1128.97
2005-01-01,1101.82,NA,NA,308,1277.73,854.71
2005-02-01,1102.37,NA,NA,308,1214.67,839.53
2005-03-01,1113.64,NA,NA,308,1270.18,856.4
2005-04-01,1156.06,NA,NA,308,1263.4,883.94
2005-05-01,1170.58,NA,NA,308,1252.74,889.75
2005-06-01,1196.59,NA,NA,308,1793.65,1247.53
2005-07-01,1231.34,NA,NA,350,1285.13,943.46
2005-08-01,1277.97,NA,NA,350,1315.89,992.16
2005-09-01,1304.53,NA,NA,390,1364.53,1011.81
2005-10-01,1352.94,NA,NA,390,1370.78,1022.78
2005-11-01,1366.43,NA,NA,390,1402.53,1027.88
2005-12-01,1371.54,NA,NA,390,2090.09,1532.09
2006-01-01,1388.13,NA,NA,390,1548.05,1075.05
2006-02-01,1407.77,NA,NA,390,1483.14,1050.4
2006-03-01,1441.65,NA,NA,390,1544.75,1077.3
2006-04-01,1465.06,NA,NA,390,1527.46,1095.75
2006-05-01,1502.34,NA,NA,390,1551.59,1144.6
2006-06-01,1527.82,NA,NA,470,2237.93,1659.76
2006-07-01,1554.83,NA,NA,470,1589.75,1176.48
2006-08-01,1583.35,NA,NA,470,1624.65,1215.85
2006-09-01,1596.46,NA,NA,470,1648.89,1226.04
2006-10-01,1634.32,NA,NA,470,1654.53,1229.91
2006-11-01,1641.74,NA,NA,470,1656.15,1233.49
2006-12-01,1672.88,NA,NA,470,2477.02,1823.12
2007-01-01,1693.86,NA,NA,530,1844.19,1297.16
2007-02-01,1728.39,NA,NA,530,1761.72,1267.39
2007-03-01,1764.52,NA,NA,530,1851.55,1295.7
2007-04-01,1815.39,NA,NA,530,1827.84,1310.52
2007-05-01,1830.07,NA,NA,530,1852.81,1366.35
2007-06-01,1837.71,NA,NA,530,2678.83,2009
2007-07-01,1896.64,NA,NA,530,1924.27,1438.03
2007-08-01,1941.51,NA,NA,530,1974.06,1457.32
2007-09-01,1946.53,NA,NA,596.25,1991.86,1474.7
2007-10-01,2019.04,NA,NA,596.25,2045.38,1526.27
2007-11-01,2020.25,NA,NA,596.25,2046.06,1527.89
2007-12-01,2042.46,NA,NA,596.25,3074.12,2281.63
2008-01-01,2050.27,NA,NA,596.25,2299.14,1633.74
2008-02-01,2130.98,NA,NA,596.25,2241.38,1643.41
2008-03-01,2190.53,NA,NA,655,2308.81,1648.96
2008-04-01,2336.11,NA,NA,655,2379.11,1733.32
2008-05-01,2383.41,NA,NA,655,2412.15,1800.92
2008-06-01,2400.12,NA,NA,655,3457.79,2576.14
2008-07-01,2485.91,NA,NA,690,2530.74,1891.03
2008-08-01,2530.74,NA,NA,690,2557.91,1914.68
2008-09-01,2585.35,NA,NA,690,2640.95,1986.73
2008-10-01,2628.32,NA,NA,690,2683.88,2003.02
2008-11-01,2592.17,NA,NA,690,2641.97,1972
2008-12-01,2625.44,NA,NA,690,3995.29,2967.48
2009-01-01,2594.54,NA,NA,690,2907.11,2050
2009-02-01,2578.64,NA,NA,690,2791.44,2014.08
2009-03-01,2681.73,NA,NA,770,2869.86,2025.53
2009-04-01,2731.19,NA,NA,770,2885.72,2157.8
2009-05-01,2698.39,NA,NA,770,2886.88,2223.66
2009-06-01,2780.38,NA,NA,770,4245.81,3263.85
2009-07-01,2803.3,NA,NA,770,2991.46,2277.19
2009-08-01,2829.14,NA,NA,770,3026.88,2286.15
2009-09-01,2752.01,NA,NA,827.23,3112.32,2322
2009-10-01,2795.21,NA,NA,827.23,3135.62,2334.71
2009-11-01,2789.73,NA,NA,827.23,3110.03,2321.91
2009-12-01,3015.95,NA,NA,827.23,4723.81,3501.62
2010-01-01,3011.99,NA,NA,827.23,3468.61,2481.36
2010-02-01,3110.52,NA,NA,827.23,3376.54,2474.04
2010-03-01,3233.2,NA,NA,895.15,3578.79,2534.38
2010-04-01,3305.06,NA,NA,895.15,3546.73,2557.3
2010-05-01,3340.58,NA,NA,895.15,3575.29,2635.36
2010-06-01,3399.89,NA,NA,895.15,5323,4200
2010-07-01,3485.26,NA,NA,895.15,3796.59,2897.92
2010-08-01,3570.19,NA,NA,895.15,3875.35,2943.55
2010-09-01,3719.15,NA,NA,1046.43,4013.63,3064.54
2010-10-01,3795.5,NA,NA,1046.43,4055.92,3086.84
2010-11-01,3842.72,NA,NA,1046.43,4099.69,3123.44
2010-12-01,3885.52,NA,NA,1046.43,6166.26,4766.23
2011-01-01,3935.3,NA,NA,1046.43,4608.69,3330.81
2011-02-01,4017.23,NA,NA,1046.43,4365.13,3281.56
2011-03-01,4289.54,NA,NA,1227.78,4757.17,3418.64
2011-04-01,4343.04,NA,NA,1227.78,4633.46,3427.54
2011-05-01,4510.43,NA,NA,1227.78,4862.15,3601.48
2011-06-01,4575.38,NA,NA,1227.78,7042.69,5527.12
2011-07-01,4718.9,NA,NA,1227.78,5019.54,3913.73
2011-08-01,4875.01,NA,NA,1227.78,5114.96,3972.79
2011-09-01,5034.58,NA,NA,1434,5277.16,4176.76
2011-10-01,5115.77,NA,NA,1434,5332.89,4189.98
2011-11-01,5242.9,NA,NA,1434,5402.56,4259.99
2011-12-01,5280.28,NA,NA,1434,8130.47,6480.21
2012-01-01,5350.76,NA,NA,1434,6028.03,4513.45
2012-02-01,5501.32,NA,NA,1434,5824.77,4483.49
2012-03-01,5711.74,NA,NA,1686.67,6145.19,4540.95
2012-04-01,5983.14,NA,NA,1686.67,6087.02,4682.46
2012-05-01,6163.78,NA,NA,1686.67,6278.22,5049.43
2012-06-01,6193.16,NA,NA,1686.67,9107.16,7396.13
2012-07-01,6413.3,NA,NA,1686.67,6612.18,5301.21
2012-08-01,6468.61,NA,NA,1686.67,6609.57,5341.93
2012-09-01,6577.58,NA,NA,1879.67,6695.82,5358.82
2012-10-01,6743.8,NA,NA,1879.67,6858.57,5425.52
2012-11-01,6907.3,NA,NA,1879.67,7006.19,5694.83
2012-12-01,6985.82,NA,NA,1879.67,10426.35,8454.58
2013-01-01,7063.81,NA,NA,1879.67,7722.74,5890.8
2013-02-01,7300.21,NA,NA,1879.67,7426.73,5818.99
2013-03-01,7490.7,NA,NA,2165,7840.12,5869.75
2013-04-01,7634.27,NA,NA,2165,7730.75,5983
2013-05-01,7896.3,NA,NA,2165,8037.64,6500
2013-06-01,7985.95,NA,NA,2165,11545.88,9360.43
2013-07-01,8176.79,NA,NA,2165,8365.09,6728.92
2013-08-01,8255.89,NA,NA,2165,8291.44,6767.94
2013-09-01,8439.6,NA,NA,2477,8459.22,6810.9
2013-10-01,8626.56,NA,NA,2477,8638.46,6899.5
2013-11-01,8666.72,NA,NA,2477,8786.8,7154.93
2013-12-01,8743.73,NA,NA,2477,13174.71,10668.4
2014-01-01,8785.03,NA,NA,2477,9713.2,7411
2014-02-01,9249.21,NA,NA,2477,9428.09,7380.13
2014-03-01,9634.75,NA,NA,2757,10097.4,7579.12
2014-04-01,10156.89,NA,NA,2757,10327.23,8219.33
2014-05-01,10295,NA,NA,2757,10398.99,8486.74
2014-06-01,10394.2,NA,NA,2757,15007.04,12175.5
2014-07-01,10894.91,NA,NA,2757,11094.08,9156.57
2014-08-01,10946.2,NA,NA,2757,11002.19,8914.36
2014-09-01,11393.26,NA,NA,3231.63,11382.62,9301.8
2014-10-01,11730.67,NA,NA,3231.63,11734.64,9528.8
2014-11-01,11709.66,NA,NA,3231.63,11850.1,9664.3
2014-12-01,11953.5,NA,NA,3231.63,17751.6,14302.11
2015-01-01,11997.96,NA,NA,3231.63,13089.84,9826.7
2015-02-01,12410.76,NA,NA,3231.63,12694.8,9808.24
2015-03-01,12869.99,NA,NA,3821.71,13338.17,9889.76
2015-04-01,13077.29,NA,NA,3821.71,13093.16,10051.69
2015-05-01,13556.91,NA,NA,3821.71,13454.92,10884.99
2015-06-01,14104.4,NA,NA,3821.71,20156.66,16196.68
2015-07-01,14535.78,NA,NA,3821.71,14583.64,11955.24
2015-08-01,14598.39,NA,NA,3821.71,14434.43,11565.12
2015-09-01,14983.39,NA,NA,4299,14957.68,12237.17
2015-10-01,15202.43,73.97,75.24,4299,15013.59,11810.7
2015-11-01,15526.15,75.95,76.28,4299,15303.76,12307.97
2015-12-01,15800.97,77.36,77.18,4299,23203.6,18553.23
2016-01-01,15822.89,78.93,77.46,4299,16866.1045788261,12687.98
2016-02-01,16520.52,80.04,78.36,4299,16779.2603814253,12877.37
2016-03-01,16977.26,80.8,83.8,4958.8965,17576.2936972755,13233.78
2016-04-01,17691.29,85.92,84.26,4958.8965,17798.7813043871,14231.13
2016-05-01,18042.71,88.74,87.11,4958.8965,18128.7041280747,14824
2016-06-01,18277.57,90.15,89.28,4958.8965,26326.3154033417,21632.065
2016-07-01,18988.44,93.35,94.66,4958.8965,19147.2234279195,15302.69
2016-08-01,19216.78,95.05,98.73,4958.8965,19304.5498928571,15460.705
2016-09-01,19666.45,96.63,99.46,5661.08,19538.6578233039,15483.91
2016-10-01,20069.28,100,100,5661.08,20209.0472180034,16239.88
2016-11-01,20422.65,101.8,101.22,5661.08,20679.6363315883,16565.86
2016-12-01,20690.14,102.89,102.37,5661.08,31181.9208812284,24811.37
2017-01-01,21048.21,106.34,102.68,5661.08,23149.70403281,17632
2017-02-01,21483.03,107.69,103.08,5661.08,22287.3029736933,17391.31
2017-03-01,22285.48,109.26,107.24,6394.85,23420.1537353001,17628.12
2017-04-01,22650.53,112.93,110.81,6394.85,23056.485262773,18425.48
2017-05-01,23029.98,115.18,112.28,6394.85,23275.4278715011,18878.45
2017-06-01,23469.98,117.23,115.3,6394.85,34215.9775440487,27812.88
2017-07-01,24489.17,122.8,118.49,6394.85,24880.928445936,20405.15
2017-08-01,24700.42,124.55,121.54,6394.85,24911.7823464488,20509.6
2017-09-01,25136.35,126,123.89,7246.64,25118.4456976768,20557.35
2017-10-01,25843.46,128.23,126.03,7246.64,25836.7557187498,20945.31
2017-11-01,26177.83,130.04,127.32,7246.64,26075.6525365746,20991.61
2017-12-01,26301.42,131.01,127.94,7246.64,38563.6772187694,31028.67
2018-01-01,26929.81,133.25,128.45,7246.64,28795.1391885351,21865
2018-02-01,27440.22,134.31,129.32,7246.64,27724.8784111268,21737.86
2018-03-01,28072.31,136.23,132.97,7660.42,29174.5362506156,22049.94
2018-04-01,28858.05,141.01,135.01,7660.42,29146.4810434662,23121.05
2018-05-01,29338.79,144.47,137.16,7660.42,29453.3756588278,23687.66
2018-06-01,29598.12,146.47,138.97,8096.3,42512.1818873603,34649.31
2018-07-01,30283.84,149.94,143.01,8096.3,30591.8363716,24398.67
2018-08-01,30978.75,154.2,147.26,8096.3,31293.1704767186,25315.59
2018-09-01,31523.56,157.82,152.41,8637.13,32034.8954128736,25397.625
2018-10-01,33154.28,163.86,159.53,8637.13,33586.9637342944,26980.88
2018-11-01,33733.8,168.06,162.69,8637.13,35225.6423199058,28601.71
2018-12-01,34339.61,170.85,166.66,9309.1,51732.1689848101,41098.505
2019-01-01,35362.23,176.91,170.98,9309.1,39454.580717996,30357.74
2019-02-01,36733.68,181.76,175.37,9309.1,38365.9160412178,29558.08
2019-03-01,38884.43,188.26,184.99,10410.37,41439.2309759366,31011.74
2019-04-01,39658.15,193.47,188.65,10410.37,41133.9884265174,31686.865
2019-05-01,40911.09,201.66,193.23,10410.37,42462.1001613958,33383
2019-06-01,41584.2,206.99,197.23,11528.44,61343.2693799632,48913.31
2019-07-01,43290.96,215.86,209.52,11528.0365558853,45090.7249955464,35454.11
2019-08-01,44092.81,221.87,213.21,11528.0365558853,46149.9527027001,36145
2019-09-01,45485.23,227.72,220.8,12937.22,47494.7395457528,37476.24
2019-10-01,47834.32,236.31,227.45,12937.22,51085.4921643873,39623.51
2019-11-01,48591.6,242.85,231.39,12937.22,51307.7758865459,39828.43
2019-12-01,49574.33,246.54,238.13,14067.93,76103.151364061,59149.26
2020-01-01,53070.21,267.6,244.59,14067.93,59174.5535827162,44309.725
2020-02-01,56386.47,279.97,251.57,14067.93,59859.7726626043,45298.01
2020-03-01,56872.86,286.4,262.08,15892,61896.5807237875,46338.19
2020-04-01,56955.63,285.74,263.54,15892,57845.2590664807,44895.56
2020-05-01,57057.9,285.06,264.92,15892,57342.5383425233,45638.425
2020-06-01,58361.93,285.44,267.19,16864.05,85458.2237213109,68707.235
2020-07-01,60440.53,289.19,270.14,16864.05,60868.4162245381,47636.79
2020-08-01,60767.23,295.13,272.2,16864.05,61913.3480282837,48338.92
2020-09-01,61909.95,301.54,280.93,18128.85,64161.7459355721,49478.015
2020-10-01,64756.23,317.66,289.72,18128.85,68108.7294986123,53377.2
2020-11-01,65571.77,326.04,294.87,18128.85,69308.3232229269,53874.06
2020-12-01,66869.88,331.26,301.97,19035.2925,103375.197098243,80166.67
2021-01-01,68100.73,344.61,309.32,19035.2925,78852.7672044031,57813.05
2021-02-01,72293.4,362.33,321.14,19035.2925,79789.4179003671,60346.76
2021-03-01,75809.13,376.68,345.37,20571.44,85611.5070503111,62883.425
2021-04-01,80501.97,394.54,350.74,20571.44,86145.0894985626,65156.48
2021-05-01,81464.51,408.38,360.83,20571.44,86697.1219728285,68128.2
2021-06-01,84513.57,415.55,375.32,23064.7,127132.851173712,99971.26
2021-07-01,88274.02,437,397.93,23064.7,94460.7222163123,72268
2021-08-01,90340.08,451.64,410.82,23064.7,96663.9317740123,75189.1
2021-09-01,94157.71,467.91,438.07,25922,99916.2019081293,77319.7
2021-10-01,97538.78,485.29,454.12,25922,104455.594291177,79281.93
2021-11-01,100590.14,507,466.54,25922,108278.847459119,83262.31
2021-12-01,102589.87,514.34,479.05,29062,160794.050040488,121726.16
2022-01-01,107358.35,538.17,493.03,29062,122700.731992731,89498.69
2022-02-01,112413.82,559.01,504.7,29062,123340.771117619,91635.01
2022-03-01,121220.45,589.31,565.82,32630,136935.148092183,98681.94
2022-04-01,128406.32,622.29,580.87,32630,138254.299956555,103832.32
2022-05-01,133595.77,665.66,619.44,32630,144485.418903392,111655.37
2022-06-01,141289.4,699.36,647.9,37524,211726.84241795,165158.01
2022-07-01,148811.85,737.01,695.34,37524,157052.747645041,119847.76
2022-08-01,155611.28,797.04,724.84,37524,167585.695762737,132656.83
2022-09-01,165421.01,843.4,780.81,43352.586288,179438.98010556,141428.1
2022-10-01,174436.9,888.1,827.5,43352.586288,189111.687054352,144779.58
2022-11-01,184210.25,953.34,874.76,43352.586288,203119.444926762,155238.02
2022-12-01,194175.11,996.62,955.04,50124.2602661856,317848.34373875,245866.42
2023-01-01,201580.26,1042.37,992.3,50124.2602661856,241706.316506623,171129.625
2023-02-01,218543.91,1114.31,1030.47,50124.2602661856,249422.728908128,180620.075
2023-03-01,239882.73,1202.08,1198.55,58665.43,276739.771457452,198161.45
2023-04-01,263481.22,1284.57,1247.39,58665.43,287934.524490784,218966.54
2023-05-01,279820.37,1389.24,1353.08,58665.43,303249.571012651,238171.285
2023-06-01,302562.69,1468.48,1434.49,70938,458848.379373342,356955.27
2023-07-01,324997.28,1626.81,1625.51,70938,352070.047441465,270081.59
2023-08-01,344057.43,1762.46,1723.25,70938,389265.254681643,312312.66
2023-09-01,376594.32,1995.58,1911.97,87459.76,431695.08966872,342176.65
2023-10-01,420706.55,2169.81,2086.82,87459.76,473146.301333146,365339.03
2023-11-01,447079.57,2385.55,2250.34,87459.76,521738.972751433,404394.81
2023-12-01,484298.4,2648.87,2374.02,105713,841141.560670552,647022.48
2024-01-01,555269.16,3178.28,2660.85,105713,756220.42,547920.4
2024-02-01,619007.05,3625.42,3062.83,105713,858706.94,618024.2
2024-03-01,705832.58,3987.49,3400.49,134445.7934,948558.53,681345.43
2024-04-01,819501.72,4464.6,3656.07,171283.31,1056040.39,786197.45
2024-05-01,879483.08,4807.34,3957.89,190141.6,1076243.57,826587.81
2024-06-01,933179.85,5129.04,4113.99,206931.1,1627774.73,1258840.14
2024-07-01,994681.38,5450.78,4390.43,215580.82,1219882.02,934748
2024-08-01,1032410.48,5725.38,4594.73,225454.42,1259287.39,969111.23
2024-09-01,1075145.08,5941.03,4774.83,234540.23,1304720.66,1e+06
2024-10-01,1146474.18,6175.77,4982.02,244320.56,1377016.8,1063668.82
2024-11-01,1178925.33,6378.33,5117.7,252798.48,1411221.7,1077032.6
2024-12-01,1202927.89,6556.47,5205.72,259598.76,2126399.66,1640493.32
2025-01-01,1234658.4,6707.3,5253.88,265907.01,1597652.37,1160615.17
2025-02-01,1310357.8,6862.13,5488.58,273086.5,1595766.62,1159755.49
2025-03-01,1363510.33,7010.54,5668.51,279121.71,1676933.44,1202429.89
2025-04-01,1402606.61,7187.95,5797.13,285820.63,1682470.3,1231190.59
2025-05-01,1428661.3,7329.99,5987.03,296481.74,1636412.74,1252643.49
2025-06-01,1468135.75,7457.02,6063.83,304723.93,2423360.07,1871281.36
2025-07-01,1510680.81,7619.01,6202.12,309294.79,1745113.96,1317518.58
2025-08-01,1530297.32,7789.94,6375.31,314305.37,1751316.99,1344440.59
2025-09-01,1551831.75,7896.9,6447.94,320277.17,1788882,1355602.14
2025-10-01,1593047.33,8061.11,6569.76,326298.38,1832053.92,1391747.46
2025-11-01,1611851.61,8232.68,6645.32,333085.39,1845030.04,1393622.02
2025-12-01,1633547,8441,6710.79,340879.59,2798896.7,2145000
2026-01-01,1646344.54,8620.98,6832.27,349299.32,2096955.1,1504021.34
2026-02-01,1734357.18,8755.26,6991.42,359254.35,2100894.76,1510851.5
2026-03-01,1775664.12,8935.48,7344.33,369600.88,2172295.78,1537634.48
2026-04-01,1837609.35,9292.93,7515.45,380319.31,2230849.53,1602236.89
2026-05-01,1849727.96,NA,NA,393174.1,2121005.10101334,1606772.98300058
2026-06-01,1915878.76,NA,NA,403317.99,NA,NA
2026-07-01,NA,NA,NA,411989.33,NA,NA
2026-08-01,NA,NA,NA,419775.93,NA,NA
