IPCBA (base 2021 = 100) según principales aperturas. Índice mensual. Ciudad de Buenos Aires. Febrero de 2022 / julio de 2026,,,,,,,,,,,,,,,,,,,,,,,,,,,,,,,,,,,,,,,,,,,,,,,,,,,,,,
Apertura,Índice ¹,,,,,,,,,,,,,,,,,,,,,,,,,,,,,,,,,,,,,,,,,,,,,,,,,,,,,
,02/01/2022,03/01/2022,04/01/2022,05/01/2022,06/01/2022,07/01/2022,08/01/2022,09/01/2022,10/01/2022,11/01/2022,12/01/2022,01/01/2023,02/01/2023,03/01/2023,04/01/2023,05/01/2023,06/01/2023,07/01/2023,08/01/2023,09/01/2023,10/01/2023,11/01/2023,12/01/2023,01/01/2024,02/01/2024,03/01/2024,04/01/2024,05/01/2024,06/01/2024,07/01/2024,08/01/2024,09/01/2024,10/01/2024,11/01/2024,12/01/2024,01/01/2025,02/01/2025,03/01/2025,04/01/2025,05/01/2025,06/01/2025,07/01/2025,08/01/2025,09/01/2025,10/01/2025,11/01/2025,12/01/2025,01/01/2026,02/01/2026,03/01/2026,04/01/2026,05/01/2026,06/01/2026,07/01/2026
Nivel General,128.59,136.12,143.28,151.18,158.92,171.1,181.72,191.95,205.31,217.2,229.69,246.41,261.19,279.75,301.46,324.2,347.38,372.82,413.08,462.47,505.82,565.99,685.4,834.2,951.99,1077.95,1183.17,1234.95,1294.53,1360.55,1417.46,1474.29,1522.05,1570.26,1622.53,1673.49,1707.89,1761.98,1802.79,1831.11,1870.43,1916.97,1947.42,1990.42,2033.44,2082.5,2137.99,2203.37,2260.6,2328.35,2386.16,2436.43,2480.63,2553.4
Alimentos y bebidas no alcohólicas,132.39,139.95,148.57,155.91,164.46,177.07,189.56,202.96,217.09,226.29,236.84,251.38,270.64,295.31,326.09,347.65,367.66,388.18,436.53,498.14,542.75,619.9,808.44,1013.41,1161.94,1290.14,1356.48,1421.06,1459.9,1514.8,1562.1,1596.88,1624.04,1651.79,1690.39,1723.28,1767.15,1850.3,1890.89,1912.67,1942.41,1977.8,1997.52,2038.17,2080.1,2126.41,2177.69,2264.02,2328.9,2388.77,2421.67,2490.13,2528.99,2576.91
Alimentos,132.76,140.46,149.35,156.61,165.04,177.54,190.09,203.21,217.22,225.95,235.85,250.89,271.16,297.24,329.79,351.24,370.65,390.56,440.63,503.58,547.72,624.5,810.85,1005.6,1147,1277.44,1350.04,1417.93,1457.09,1513.52,1562.08,1596.92,1617.92,1640.59,1677.52,1710.8,1755.71,1846.82,1887.45,1907.26,1936.68,1972.5,1993.67,2035.66,2076.7,2122.3,2175.64,2266.19,2332.26,2393.3,2422.98,2493.21,2532.29,2583.55
Pan y cereales,129.65,141.44,153.67,161.95,172,184.65,197.77,208.84,222.35,236.12,247.98,258.21,272.94,290.22,314.78,346.69,376.45,404.05,446.11,501.54,555.38,646.05,852.58,1090.5,1269.52,1380.9,1429.52,1479.84,1527.52,1576.78,1641.73,1682.53,1710.63,1747,1775.71,1790.92,1808.93,1838.52,1872.97,1912.27,1958.14,1989.35,2033.55,2078.46,2134.66,2178.07,2220.84,2265.29,2308.1,2353.6,2401.06,2464.03,2512.59,2552.05
Carnes y derivados,132.13,140.74,151.19,163.08,169.22,176.85,183.98,192.84,202.3,206.87,210.8,221.12,254.63,286.71,319.72,326.27,334.9,345.53,411.98,480.99,519.93,587.13,799.81,937.34,1011.4,1106.76,1171.9,1201.54,1214.69,1232.57,1297.46,1350.09,1378.51,1409.64,1516.37,1560.6,1680.11,1776.65,1864.97,1897.42,1932.5,1955.84,1965.99,1988.05,2021.97,2113.41,2268.89,2351.67,2522.33,2680.07,2688.54,2703.06,2718.04,2724.38
Pescados y mariscos,126.55,133.73,147.51,152.15,160.58,182.34,192.58,202.38,208.51,216.23,225.73,248.04,267.37,290.17,325.23,341.23,364.46,384.95,430.75,510.53,557.41,619.49,775.95,1062.73,1168.69,1245.91,1265.24,1283.81,1301.22,1317.13,1340.96,1396.44,1399.56,1409.95,1421.83,1513.33,1501.2,1521.03,1639.76,1621.76,1625.31,1642.38,1648.91,1682.23,1706.06,1711.59,1716.17,1825.99,1899.71,1984.8,2086.71,2116.2,2120.84,2145.37
"Leche, productos lácteos y huevos",128.77,137.85,147.92,155.71,164.61,178.32,191.74,204.62,220.52,230.99,240.59,251.74,267.54,294.59,326.3,366.02,396.66,423.39,455.89,505.06,544.11,595.48,752.15,963.65,1128.18,1333.42,1459.9,1525.85,1596.61,1646.55,1707.65,1746.63,1795.23,1832.89,1872.07,1897.03,1922.99,1960,2034.31,2076.49,2099.75,2109.59,2120.28,2137.3,2161.48,2184.3,2195.35,2217.37,2258.29,2305.72,2362.43,2450.71,2491.23,2545.69
"Aceites, mantecas y otras grasas",125.83,131.73,139.92,153.21,161.83,185.64,202.02,218.86,239.03,254.88,265.81,277.5,293,304.96,324.82,349.56,369.97,386.2,423.53,481.81,547.03,623.65,889.8,1201.01,1331.38,1440.78,1500.45,1562.76,1619.81,1652.15,1702.66,1712.4,1744.26,1789.48,1848.97,1901.49,1952.89,1980.12,2031.63,2083.83,2148.51,2179.74,2207.98,2249.96,2304.59,2372.36,2399.54,2453.61,2519.05,2595.59,2640.04,2722.94,2765.8,2789.42
Frutas,129.36,131.84,135.38,135.58,136.86,151.92,168.04,184.34,200.82,229.1,246.52,280.09,311.73,345.6,367.81,365.3,371.39,384.45,426.4,548.51,584.21,704.57,882.03,1071.19,1273.74,1300.7,1285.54,1193.58,1207.79,1323.12,1344.6,1334.18,1340.05,1462.41,1480.74,1565.21,1550.29,1562.46,1513.22,1524.37,1553.42,1614.98,1703.08,1814.39,1971.26,2105.01,2182.26,2293.28,2246.15,2206.76,2111.79,2040.18,2041.29,2066.62
"Verduras, tubérculos y legumbres",158.77,158.93,155.99,150.53,164.71,183.29,204.12,233.38,256.37,245.92,262.63,299.98,304.07,338.17,405.52,422.42,424.44,439.14,509.1,562.55,601.96,704.65,816.34,943.15,1106.73,1355.15,1497.36,1859.39,1917.88,2098.95,2065.12,2039.89,1963.32,1820.99,1672.88,1666.97,1660.06,2087.7,1992.05,1893.46,1867.55,1996.54,1973.03,2070.34,2074.21,1967.44,1851.61,2181.06,2156.21,2085.09,2098.3,2402.67,2544.11,2772.17
"Azúcar, repostería y postres",129.85,134.6,143.31,151.04,159.82,171.86,186.69,198.69,212.69,225.08,237.11,246.34,258.39,276.53,300.89,334.36,374.13,408.8,450.48,505.17,566.18,646.35,844.26,1060.56,1209.58,1297.38,1350.79,1379.2,1413.05,1454.33,1505.81,1562.95,1602.91,1657.04,1714.87,1753.71,1780.3,1843.27,1877.15,1905.21,1946.21,1974.67,2011.56,2049.05,2081.53,2148.29,2183.15,2285.19,2310.42,2343.69,2433.86,2516.69,2527.32,2585.89
Otros alimentos,123.5,129.33,140.26,147.27,157.92,167.03,180.46,191.28,206.58,218.22,228.97,240.93,253.97,267.14,288.41,309.65,331.7,349.42,391.15,446.83,485.93,541.19,725.68,1061.5,1245.06,1355.61,1388.75,1438.71,1473.18,1525.56,1573.3,1626.74,1679.93,1702.27,1741.65,1793.89,1819.92,1845.72,1862,1888.91,1939.73,1956.49,1967.65,2013.82,2020.54,2080.05,2114.91,2178.83,2199.66,2222.16,2288.06,2347.87,2363.35,2400.61
Bebidas no alcohólicas,129.75,136.32,143.08,150.95,160.41,173.73,185.81,201.19,216.14,228.72,243.89,254.87,266.96,281.6,299.86,322.26,346.51,371.35,407.59,459.71,507.61,587.38,791.43,1068.68,1267.66,1379.93,1402.08,1443.21,1479.76,1523.88,1562.26,1596.62,1667.35,1731.01,1781.48,1811.54,1848.12,1874.85,1915.21,1950.96,1982.95,2015.31,2024.71,2055.88,2104.21,2155.45,2192.18,2248.73,2305.18,2356.76,2412.45,2468.38,2505.68,2529.9
Bebidas alcohólicas y tabaco,131.04,137.36,142.52,149.34,158.35,171.24,182.64,200.88,213.76,227.63,244.51,259.81,274.63,296.56,311.39,338.11,352.11,377.74,402.96,447.87,488.64,549.41,677.16,831.04,1008.2,1140.57,1207.2,1279.43,1319.98,1407.37,1474.77,1542.07,1603.07,1665.15,1738.18,1780.1,1806.35,1821.27,1884.01,1888.04,1943.52,1960.81,1993.54,2014.94,2065.68,2098.38,2146.51,2199.98,2229.67,2278.65,2303.09,2331.88,2379.83,2427.98
Bebidas alcohólicas,137.6,144.2,151.85,159.18,167.85,184.49,195.88,213.35,231.01,244.72,261.33,275.74,291.01,307.2,328.12,352.01,373.16,395.37,424.4,469.31,510.65,575.65,715.74,890.1,1054.63,1155.43,1226.67,1273.63,1323.36,1368.12,1433.93,1528.28,1610.8,1684.15,1776.11,1815.98,1829.71,1849.18,1897.37,1894.66,1935.09,1951.24,1943.8,1968.56,1991.13,2024.58,2055.3,2107.21,2149.94,2178.44,2202,2240.04,2264.81,2296.69
Vinos,137.93,143.69,151.92,160.87,171.23,188.22,201.41,223.78,238.77,253.41,267.38,281.83,298.17,314.95,337.2,362.02,384.32,412.74,444.19,491.55,537.19,604.55,738.49,888.75,1029.68,1146.23,1236.39,1270.39,1330.21,1371.46,1427.95,1487.45,1541.06,1595.22,1640.24,1694.3,1702.45,1736.08,1764.91,1778.36,1792.26,1826.29,1838.06,1850.16,1857.31,1893.96,1914.11,1938.5,1950.33,1949.19,1972.86,2015.58,2029.94,2045.46
Cerveza,136.7,144.82,151.54,155.8,161.97,177.85,185.98,195.83,218.82,231.32,253.3,268.08,281.71,296.99,315.68,339.18,359.45,373.12,398.26,440.04,475.08,539.56,691.82,906.55,1111.28,1177.11,1212.6,1280.99,1316.77,1369.14,1450.49,1607.25,1739.1,1849.93,2028.17,2049.89,2073.28,2067.16,2151.19,2121.03,2206.79,2191.36,2149.79,2197.92,2248.55,2278.07,2331.43,2430.24,2526.14,2603.16,2625.78,2655.58,2703.25,2762.26
Tabaco,118.73,124.51,125.01,130.88,140.51,146.36,157.8,177.46,181.38,195.56,212.93,229.92,243.89,276.57,280,312.03,312.6,344.65,362.71,407.63,447.31,500.15,604.75,720.19,921.04,1112.69,1170.65,1290.32,1313.63,1481.05,1551.4,1567.94,1588.56,1629.48,1667.01,1712.75,1762.5,1768.89,1858.95,1875.61,1959.33,1978.78,2086.89,2101.99,2205.62,2236.9,2317.7,2374.11,2379.31,2466.76,2492.83,2504.27,2595.72,2674.41
Prendas de vestir y calzado,129.1,141.34,153.09,161.15,170.09,186.13,203.04,222.01,235.49,243.88,259.99,266,276.66,304.65,333.33,359.82,374.43,387.67,425.97,491.64,547.45,601.19,698.41,772.56,848.47,946.25,1004.62,1027.21,1060.79,1069.76,1108.85,1171.08,1229.19,1256.76,1262.86,1250.7,1264.19,1321.09,1370.46,1382.66,1387.49,1364.77,1359.69,1389.65,1425.24,1439.7,1457.67,1443.82,1443.68,1498.68,1540.18,1547.1,1536.79,1511.48
Prendas de vestir,129.46,143.79,157.88,166.04,175.6,191.4,208.94,228.67,244.07,252.83,270,274.49,283.92,315.31,348.43,376.67,390.35,402.05,442.84,506.65,562.44,612.73,696.94,758.14,836.6,943.63,1008,1032.47,1065.05,1067.64,1102.62,1170.25,1237.33,1268.73,1271.91,1249.52,1261.25,1329.97,1387.16,1403.5,1410.77,1375.95,1370.43,1405,1444.7,1465.03,1471.82,1444.33,1439.69,1505.09,1559.06,1564.25,1547.38,1517.31
Calzado,128.09,134.35,139.46,147.22,154.39,171.11,186.25,203.02,211.03,218.38,231.48,241.83,255.98,274.27,290.31,311.83,329.06,346.69,377.88,448.88,504.72,568.29,702.6,813.63,882.29,953.72,994.99,1012.23,1048.65,1075.81,1126.62,1173.46,1206.01,1222.68,1237.07,1254.04,1272.57,1295.78,1322.88,1323.29,1321.15,1332.93,1329.09,1345.93,1369.8,1367.56,1417.35,1442.35,1455.04,1480.43,1486.39,1498.23,1506.62,1494.9
"Vivienda, agua, electricidad, gas y otros combustibles",123.7,131.69,136.81,145.73,153.59,164.49,171.37,181.6,192.12,215.95,229.62,243.45,264.18,280.94,299.04,336.28,370.6,396.18,450.99,494.1,553.32,608.83,679.67,747.54,846.22,997.95,1226.76,1285.19,1378.54,1457.36,1520.94,1586.67,1655.37,1725.33,1792.99,1849.06,1906.47,1958.06,2004.17,2046.54,2109.25,2157.91,2199.28,2252.7,2298.08,2354.91,2405.01,2462.87,2608.04,2692.78,2752.67,2813.59,2874.78,2951.75
Alquiler de la vivienda,129.46,135.88,142.77,151.14,159.95,170.39,180.72,192.17,204.5,216.55,229.19,243.64,260.12,279.12,303.73,332.76,370.14,414.75,475.83,546.36,632.65,725.06,822.1,915.56,992.15,1059.42,1106.58,1146.45,1176.62,1209.81,1250.44,1294.96,1344.87,1393.94,1442.89,1491.96,1542.05,1590.02,1636.52,1686.16,1737.17,1782.14,1822.86,1864.79,1905.11,1943.62,1984.76,2039.23,2093.05,2148.56,2206.03,2264.78,2320.25,2363.09
Mantenimiento y reparación de la vivienda,142.33,157.09,164.66,176.15,189.86,205.09,217.5,229.88,242.7,256.89,272.09,289.49,313.1,336.47,362.91,387.51,410.63,437.28,482.38,557.79,623.05,677.69,800.2,985.21,1091.04,1165.74,1257.25,1370.2,1504.43,1675.41,1801,1925.7,2068.95,2255.25,2461.49,2670.29,2800.39,2951.34,3069.44,3205.48,3323.89,3424.03,3577.02,3706.51,3864.37,3951.37,4041.52,4207.37,4097.86,4141.37,4204.67,4271.13,4413.91,4511.17
Suministro de agua y otros servicios relacionados con la vivienda,121.97,125.4,130.02,142.64,144.41,159.54,163.8,176.06,179.87,219.36,238.98,252.47,277.32,292.35,296.43,313.79,344.3,357.17,422.25,443.41,490.8,529.05,587.66,631.75,692.06,914.18,1269.33,1350.55,1395.77,1548.01,1626.11,1703.76,1789.85,1866.9,1943.58,1988.21,2045.54,2091.27,2130.15,2165.77,2242.28,2296.91,2324.35,2381.63,2424.4,2477.09,2518.66,2574.08,2745.81,2844.64,2932.89,3001.83,3059.82,3147.19
Suministro de agua,100,100,100,100,100,120,120,120,132,236.59,236.59,280.92,280.92,321.31,321.31,321.31,321.31,321.31,668.05,668.05,802.89,802.89,925.1,925.1,953.63,953.63,2680.97,2946.71,3028.22,3219.15,3385.1,3536.85,3710.47,3859.66,3978.73,4018.52,4058.7,4099.29,4140.28,4181.69,4223.5,4265.74,4308.4,4351.48,4395,4438.95,4483.34,4662.67,4849.18,5043.14,5244.87,5402.21,5564.28,5767.25
Gastos comunes por la vivienda,125.37,129.33,134.66,149.24,151.28,165.66,170.58,184.73,187.28,216.7,239.35,248.07,276.77,287.87,292.59,312.63,347.85,362.71,384.23,408.66,442.53,486.69,535.46,586.37,651.6,908.08,1050.97,1103.65,1143.25,1289.51,1354.02,1420.21,1492.76,1558.65,1628.77,1674.15,1734.13,1780.66,1819.22,1853.94,1935.81,1992.36,2017.44,2076.92,2119.58,2173.62,2214.76,2251.01,2420.46,2504.57,2575.26,2630.53,2672.41,2741.9
"Electricidad, gas y otros combustibles",103.43,125.13,125.13,125.47,143.52,143.52,144.37,144.93,166,190.07,191.3,202.75,225.05,236.81,267.14,384.24,423.05,421.99,435.48,437.81,441.67,428.13,430.07,435.21,695.3,957.33,1475.59,1512.8,1904.99,1903.76,1977.51,2055.83,2110,2182.02,2231.83,2280.36,2332.86,2372.68,2408.54,2410.23,2452.98,2478.43,2514.62,2564.73,2589.57,2701.47,2785.24,2818.76,3272.74,3427.01,3421.63,3466.95,3522.81,3670.3
Electricidad,103.36,124.1,124.1,124.1,141.64,141.64,141.64,141.64,169.56,196.92,196.92,196.92,234.94,234.94,288.59,445.59,514.31,514.31,538.13,538.13,538.13,510.28,510.28,510.28,937.55,1395.33,1397.3,1397.3,2005.19,2005.19,2087.44,2178.61,2236.89,2300.08,2336.24,2366.62,2421.85,2464.45,2498.83,2540.68,2603.92,2646.61,2684,2725.17,2767.75,2866.99,2939.15,2928.58,3410.68,3675.49,3720.87,3772.3,3838.88,4066.49
Gas,103.51,126.52,126.52,127.31,146.04,146.04,148.03,149.35,161.21,180.88,183.75,210.57,211.79,239.32,238.37,301.95,300.66,298.18,297.83,303.26,312.3,317.95,322.49,334.52,370.42,369.91,1580.59,1667.69,1770.62,1767.73,1830.06,1891.16,1939.82,2023.69,2091.79,2164.67,2213.5,2249.61,2287.44,2235.27,2250.55,2252.87,2287.45,2349.55,2350.6,2479.47,2578.82,2671.49,3087.74,3093.76,3020.3,3057.42,3098.93,3138.94
Equipamiento y mantenimiento del hogar,136.5,146.38,150.43,161.29,173.77,184.34,199.56,210.95,224.84,237.31,253.1,265.87,278.53,293.57,320.86,344.36,366.32,385.85,433.16,478.57,529.88,595.02,725.22,871.91,937.2,1018.01,1088.33,1150.08,1185.86,1198.22,1220.56,1294.56,1337.24,1381.98,1389.96,1418.69,1430.42,1437.88,1461.98,1461.29,1470.59,1479.1,1492.04,1523.13,1544.28,1570.28,1594.98,1621.76,1672.47,1738.47,1783.92,1835.96,1911.34,1979.74
"Muebles, accesorios y alfombras",126.83,131.95,138.97,146.71,151.08,173.23,190.39,198.18,210.3,226.86,235.12,246.69,252.44,271.89,297.35,324.9,352.59,378.82,444.52,509.01,594.08,665.52,868.89,1014.54,1086.78,1106.73,1143.67,1150.39,1173.11,1214.77,1255.23,1300.18,1341.82,1344.53,1378.15,1419.93,1441.35,1432.11,1472.9,1501.85,1524.13,1544.67,1572.39,1598.54,1631.49,1640.88,1679.87,1712.33,1724.53,1757.31,1823.03,1844.5,1875.74,1906.46
Artículos textiles para el hogar,126.82,132.73,140.13,143.24,150.26,163.25,183.06,191.29,196.57,207.28,223.16,232.48,240.84,256.08,273.44,299.21,324.12,347.66,398.99,444.3,512.51,576.87,710.28,852.85,879.43,915.98,946.25,963.49,998.08,1009.61,1020.2,1042.31,1054.57,1073.35,1093.19,1120.94,1126.71,1151.03,1189.44,1202.45,1218.09,1222.39,1227.49,1268.77,1280.26,1297.85,1339.2,1337.62,1335.2,1347.16,1394.47,1390.07,1405.27,1407.18
Electrodomésticos,122.44,125.66,130.82,136.66,142.18,167.71,181.23,187.46,196.03,200.42,216.52,231.13,250.68,269.84,295.55,325.22,349.51,363,459.76,525.7,595.02,701.16,966.01,1032.6,1056.72,1083.48,1118.81,1140.77,1169.2,1215.1,1262.23,1329.04,1331.94,1355.96,1369.71,1356.97,1330.88,1317.1,1322.99,1279.45,1273.94,1268.11,1250.11,1264.94,1250.78,1267.88,1279.87,1295.75,1298.88,1316.84,1310.41,1306.22,1318.26,1334.57
"Cristalería, vajilla y utensilios para el hogar",133.77,135.6,143.32,151.09,157.4,181.7,198.85,214.22,232,236.87,254.4,262.36,279.11,284.65,313.22,344.28,363.13,387.44,473.19,570.42,633.44,715.48,867.59,1055.49,1140.27,1194.45,1190.58,1188.64,1233.87,1243.74,1255.06,1323.46,1328.3,1353.98,1363.33,1400.33,1397.75,1393.6,1444.14,1438.3,1464.51,1467.57,1427.48,1505.35,1545.83,1621.13,1555.49,1576,1601.84,1628.66,1609.79,1635.91,1622.04,1672.35
Herramientas y accesorios para la casa y el jardín,123.05,127.87,130.91,136.94,141.61,160.53,171.27,186.85,194.36,210.56,222.63,238.14,255.44,269.21,288.18,312.76,328.93,346.79,389,457.99,506.52,592.14,742.37,989.52,1061.56,1120.91,1160.39,1204.3,1219.66,1214.52,1211.24,1243.07,1191.77,1235.03,1207.46,1193.85,1201.29,1201.82,1227.95,1243.35,1264.65,1272.27,1285.78,1294.55,1312.76,1340.83,1373.07,1417.49,1407.66,1439.05,1466.03,1470.43,1483.67,1510.04
Bienes y servicios para la conservación del hogar,141.92,154.9,157.98,171.07,187.17,191.47,206.73,219.13,234.65,248.79,265.48,278.42,290.02,304.59,333.16,354.09,375.4,394.88,426.62,459.51,501.58,554.89,645.52,799.11,871.13,975.54,1066.91,1151.74,1191.03,1194.29,1212.31,1296.13,1357.11,1413.85,1419.14,1456.58,1476.57,1491.25,1514.07,1517.53,1525.83,1536.49,1558.9,1590.71,1616.42,1642.01,1674.61,1703.41,1776.18,1863.45,1923.79,1998.12,2105.54,2195.57
Salud,129.7,136.97,144.07,154.41,167.06,175.63,191.38,194.23,211.48,215.49,228.99,242.21,258.76,276.52,287.5,305.2,325.78,351.74,389.89,423.81,449.03,507.49,606.13,789.71,956.24,1118.08,1263.61,1210.39,1262.91,1355.3,1428.94,1500.22,1568.2,1634.54,1694.55,1748.43,1801.06,1842.54,1886.64,1941.37,1991.24,2027.93,2070.2,2111.16,2153.84,2196.84,2250.96,2300.75,2368.99,2424.85,2484.76,2560.36,2634.9,2697.47
Medicamentos y productos medicinales,124.57,130.61,137.7,146.6,155.58,167.28,175.24,183.56,193.93,204.51,215.24,224.77,236.28,249.23,267.58,295.86,325.31,352.79,413.61,462.5,478.12,578.73,794.12,945.63,1040.63,1154.32,1222.98,1266.45,1315.29,1379.75,1424.3,1464.34,1497.89,1529.56,1552.35,1575.19,1602.42,1630.42,1661.68,1697.51,1728.4,1753.33,1781.62,1809.62,1840.22,1871.09,1911.55,1945.53,1991.58,2035.44,2078.79,2126.28,2181.12,2213.22
Medicamentos,124.76,130.78,138.07,147.3,156.64,168.15,174.7,183.39,194.36,204.82,215.58,224.5,235.57,248.31,266.58,295.57,326.89,355.3,419.89,467.93,479,583.68,810.24,963.83,1060.83,1181.03,1251.22,1294.81,1340.76,1403.84,1444.91,1484.26,1517.12,1548.59,1569.39,1588.74,1615.09,1634.83,1664.11,1703.39,1731.58,1756.44,1781.33,1809.63,1839.62,1872.53,1911.96,1947.25,1991.71,2034.23,2081,2131.87,2191.76,2230.97
Productos medicinales,121.04,125.9,132.3,138.91,144.91,156.67,177.65,189.52,197.58,206.93,216.69,231.63,245.48,257.44,279.19,298.02,315.09,336.58,373.71,447.96,486.43,570.25,791.35,1014.22,1134.17,1224.81,1268.28,1291.88,1313.21,1332.71,1354.49,1360.09,1367.64,1391.86,1445.4,1473.85,1470.75,1532.39,1553.21,1573.47,1596.11,1611.41,1631.75,1629.26,1662.61,1682.81,1729.12,1745.93,1786.78,1867.71,1861.28,1896.24,1912.85,1955.82
Artefactos y equipos terapéuticos,123.86,130.34,135.96,142.77,149.45,162.67,179.07,183.58,189.8,201.52,212.22,225.34,239.96,254.74,272.98,297.72,315,336.39,372.49,422.73,469.38,541.43,667.17,786.81,860.54,927.66,989.67,1036.48,1114.11,1199.22,1276.22,1329.18,1373.77,1408.66,1440.61,1489.78,1530.62,1616.72,1665.8,1677.69,1731.82,1759.35,1816.29,1848.5,1883.3,1900.31,1947.73,1975.05,2034.83,2081.24,2108.31,2131.72,2154.84,2128.25
Servicios para pacientes externos,128.29,135.71,137.44,145.2,151.6,160.01,171.38,174.29,181.05,187.81,198.27,208.29,215.4,227.35,238.12,247.69,263.08,275.41,295.75,318.86,340.1,354.39,395.85,481.42,567.18,653.43,745.92,834.42,929.97,1028.26,1122.81,1231.21,1312.81,1409.29,1513.42,1620.73,1739.76,1815.78,1884.05,1955.25,2029.97,2089.02,2178.07,2244.04,2306.99,2353.72,2445.39,2487.54,2595.67,2604.5,2639.49,2728.55,2899.04,3017.27
Seguros médicos,132.63,140.59,149.02,160.94,177.03,184.12,204.99,204.99,228.63,228.63,244.38,260.36,281.73,303.31,310.47,325.3,343.12,372.23,404.68,433.74,463.97,514.91,574.18,799.81,1023.49,1229.87,1427.1,1287.33,1330.69,1432.65,1514.41,1591.55,1672.19,1748.06,1814.56,1868.36,1916.83,1955.89,1998.26,2057.13,2109.64,2144.69,2181.38,2223,2266.26,2314.3,2367.32,2426.57,2494.41,2566.66,2641.44,2729.22,2788.77,2852.08
Transporte,124.36,129.03,139.06,145.28,151.29,156.04,164.04,178.52,185.72,196.26,203.27,225.89,229.58,243.98,263.8,283.82,298.83,315.27,344.18,387.7,408.16,451.77,589.04,787.26,952.97,1033.81,1079.18,1135.3,1188.11,1230.44,1341.52,1409.82,1412.5,1478.45,1530.59,1590.27,1567.16,1599.68,1641.04,1639.45,1689.83,1751.09,1802.9,1866.24,1901.91,1956.77,2063.76,2139.95,2132,2259.76,2382.18,2409.96,2461.34,2537.59
Adquisición de vehículos,140.17,146.76,154.78,160.06,168.64,178.06,188.07,194.65,202.82,212.79,223.97,236.99,250.48,266.12,277.84,300.41,324.71,349.32,396.49,455.74,499.32,542.24,703.67,780.52,1044.72,1094.37,1143.52,1153.47,1177.94,1239.03,1270.24,1278.24,1298.38,1312.66,1334.75,1324.09,1377.43,1383.25,1394.32,1410.79,1428.58,1442.15,1521.3,1590.22,1633.78,1715.68,1794.93,1798.82,1798.96,1820.47,1802.2,1795.91,1829.58,1856.04
Funcionamiento de equipos de transporte personal,120.63,127.5,134.13,143.54,149.02,152.77,158.63,170.66,180.2,190.39,200.67,207.74,218.67,231.48,246,262.3,280.01,300.13,331.85,363.96,383.35,430.79,616.51,844.19,908.93,985.24,1049.54,1123.89,1182.17,1231.51,1304.46,1381.28,1388.33,1439.17,1485.64,1520.33,1558.62,1596.77,1648.21,1646.08,1685.81,1736.46,1812.6,1869.44,1933.15,2022.11,2125.12,2151.22,2191.9,2366.25,2563.42,2621.14,2655.97,2690.55
Servicios de transporte de pasajeros,119.38,120.14,135.65,138.42,143.52,146.61,155.99,178.38,182.02,193.27,193.62,241.69,230.26,245.82,277.21,300.17,306.04,312.81,326.93,374.98,382.56,421.48,483.48,719.28,951.92,1056.7,1075.83,1136.79,1200.39,1222.74,1429.88,1523.72,1509.79,1625.96,1703.31,1837.09,1689.48,1730.12,1776.67,1764.28,1847.93,1951.83,1956.43,2024.09,2018.75,2014.26,2144.04,2326.53,2252.49,2386.78,2501.29,2513.16,2596.29,2755.19
Transporte de pasajeros por ferrocarril,107.47,107.47,107.47,107.47,107.47,107.47,111.8,122.11,150.47,150.47,150.47,156.34,156.34,199.18,210.65,236.82,263.25,268.48,270.22,288.27,289.56,289.56,289.56,381.65,520.19,541.07,541.07,1303.55,2307.12,2307.12,2307.12,2348.9,2735.44,2735.44,2735.44,2735.44,2735.44,2977.09,3096.31,3257.41,3399.18,3505.51,3618.28,3747.16,3879.26,4024.26,4182.14,4356.13,4549.45,4670.12,4852.32,5117.13,5402.83,5649.96
Transporte de pasajeros por carretera,118.32,118.89,124.06,131.97,133.47,136.7,159.67,173.29,179,191.93,196.72,230.04,230.27,257.8,276.75,304.97,321.72,337.24,349.6,362.68,389.24,459.78,476.47,551.85,1101.16,1278.08,1280.63,1281.75,1283.85,1293.55,1650.01,1758.4,1760.76,2003.85,2040.82,2048,2060.64,2096.82,2117.84,2147.01,2233.75,2321.8,2352.21,2372.1,2405.1,2437.4,2577.57,2595.14,2739.18,2996.45,3087.41,3165.2,3291.54,3415.31
Transporte de pasajeros por aire,124.33,125.57,160.8,156.79,168.51,171.77,163.21,200.98,195.73,207.85,201.56,282.83,251.31,242.54,297.76,312.28,296.64,290.83,310.73,417.3,396.41,399.91,543.63,1054.1,854.9,877.31,925.06,890.97,798.63,844.66,893.71,981.12,837.03,800.58,956.76,1311.94,889.4,884.76,952.13,833.45,898.67,1027.19,965.46,1088.01,988.19,885.04,997.59,1425.77,961.98,922.52,1056.01,904.25,872.56,1061.63
Información y comunicación,120.24,123.98,128.67,137.25,139.07,149.71,155.88,160.61,172.6,179.11,182.67,204.85,210.69,218.61,238.28,249.97,269.65,287.54,317.23,356.02,383.51,439.18,536.78,626.28,747.85,931.42,1040.49,1120.21,1174.86,1221.19,1272.36,1292.74,1315.21,1330.48,1387.82,1409.24,1432.22,1475.2,1504.99,1561.58,1572.32,1616.82,1635.81,1665.29,1694.99,1723.12,1764.85,1780.17,1822.31,1856.75,1919.84,1962.08,1974.22,2014.9
Recreación y cultura,126.49,129.37,136.54,140.95,145.5,164.8,173.15,182.47,193.86,207.63,215.39,237.47,258.09,262.56,281.16,298.6,319.2,355.86,383.7,440.35,481.67,545.94,632.39,825.58,903.43,957.98,992.27,1050.65,1097.15,1180.66,1188.21,1249.45,1302.08,1337.96,1368.92,1473.66,1502.11,1505.83,1521.7,1544.86,1589.26,1646.06,1665.14,1716.16,1771.86,1843.57,1830.1,1965.5,1967.38,1981.58,2019.64,2055.7,2092.21,2213.21
Productos de recreación,125.04,129.6,134.27,137.94,140.51,155.42,171.94,182.15,191.16,198.96,217.25,229.95,241.9,252.26,262.49,288.07,306.28,329.67,384.21,451.72,514,595.94,723.03,848.52,924.3,941.77,977.62,1013.45,1038.66,1061.15,1082.07,1130.79,1175.36,1170.12,1191.44,1228.78,1240.36,1243.53,1244.19,1248.5,1262.06,1255.11,1261.88,1291.14,1287.62,1289.29,1299.26,1330.76,1301.86,1349.62,1373.48,1384.84,1418.94,1429.2
Servicios de recreación,130.65,137.35,144.12,149.31,151.43,165.99,177.19,186.59,198.78,206.75,213.6,222.38,241.12,267.43,278.36,302.49,319.35,338.56,366.81,408.24,433.41,464.37,516.02,639.49,710.16,802.99,883.72,988.38,1054.08,1137.29,1185.95,1264.34,1308.19,1397.34,1442.96,1537.1,1582.29,1674.62,1743.05,1807.26,1862.42,1905.61,1954.03,2030.27,2089.67,2169.42,2191.59,2296.48,2392.85,2479.25,2565.09,2626.62,2666.49,2777.03
Servicios culturales,129.22,137.66,143.44,151.62,165.66,175.72,185.46,192.98,204.19,214.31,224.46,243.27,254.52,264.45,293.54,321.5,349.3,386.31,421.1,475.01,533.62,604.98,688.95,794.52,903.61,1013.17,1086.33,1144.79,1227.58,1359.8,1436.24,1516.48,1583.46,1673.52,1740.36,1884.77,2008.29,1883.54,2013.41,2107.94,2178.41,2251.56,2300.77,2345.4,2298.58,2459.11,2568.15,2591.18,2531.75,2740.33,2826.96,2929.9,3020.92,3087.16
"Diarios, libros y artículos de papelería y dibujo",135.98,139.47,148.33,153.81,158.44,175.66,186.05,200.03,224.03,232.74,243.33,268.58,282.79,289.62,332.07,344.95,368.49,442.84,483.28,551.12,612.65,719.68,779.28,941.77,1079.24,1263.99,1324.62,1431.07,1446.51,1502.98,1564.5,1615.55,1756.86,1791.74,1837.86,1895.11,1931.29,1987.01,2036.55,2063.78,2107.1,2097.64,2197.9,2235.24,2293.99,2324.62,2365.04,2421.94,2474.95,2511.84,2591.37,2636.2,2731.25,2863.54
Paquetes turísticos,108.74,99.44,111.5,111.12,111.72,150.33,143.48,151.02,154.5,185.02,185.13,238.49,281.14,238.53,249.72,251.52,271.18,311.71,298.56,351.98,376,427.65,538.68,940.33,927.65,794.99,739.73,728.3,790.12,959.61,823.35,887.81,874.24,855.76,837.25,1068.47,1052.79,944.76,805.44,749.87,803.1,981.84,888.04,932.47,1071.71,1221.43,1027.8,1455.62,1328.17,1100.99,1036.88,1025.41,988.97,1246.05
Educación,115.82,141.33,149.01,151.66,154.99,166.33,175.81,177.4,201.25,203.51,221.04,222.32,231.22,284.86,299.4,306.94,334.86,371.58,403.21,438.08,504.74,547.38,634.46,643.97,704.55,963.53,1109.09,1177.48,1253.73,1325.88,1405.79,1456.05,1517.72,1562.44,1624.4,1639.41,1678.1,1918.2,1942.73,1989.88,2041.94,2082.73,2104.59,2144.9,2197.19,2245.57,2303.6,2305.09,2343.59,2545.54,2576.79,2656.99,2684.48,2793.46
Restaurantes y hoteles,144.92,149.29,155.9,165.01,174.13,195.6,206.39,214.75,234.68,248.5,270.81,302.17,319.93,332.78,359.92,383.52,414.06,465.2,503.62,573.11,620.76,697.54,835.44,1036.67,1119.34,1204.5,1278.48,1351.13,1436.93,1570.08,1606.42,1665.15,1742.89,1796.96,1890.83,2004.2,2059.03,2082.89,2137.11,2157.73,2190.01,2306.29,2334.89,2358.44,2407.61,2471.65,2576.94,2713.47,2754.77,2765.67,2822.41,2850.71,2884.65,3038.15
Servicios de alimentos y bebidas preparadas fuera del hogar,133.76,141.35,151.83,164.72,172.75,186.01,198.76,211.6,229.35,244.28,261.82,278.74,297.59,322.47,352.71,383.65,412.91,443.67,493.39,568.01,617.03,690.69,825.51,970.94,1088.1,1199.83,1311.22,1399.84,1486.6,1567.65,1653.25,1728.22,1798.43,1860.3,1941.26,1988.22,2062.16,2131.5,2204.26,2247.16,2282.2,2331.91,2388.21,2440.4,2489.62,2558.81,2676.72,2735.31,2811.83,2884.58,2944.62,2994.22,3035.81,3101.71
Servicios de alojamiento,203.07,190.66,177.07,166.51,181.29,245.57,246.14,231.13,262.49,270.5,317.62,424.19,436.34,386.48,397.51,382.87,420.09,577.36,556.87,599.66,640.21,733.23,887.19,1379.04,1282.08,1228.86,1107.9,1097.38,1178.18,1582.76,1362.46,1336.6,1453.52,1467.01,1628.1,2087.4,2042.73,1829.69,1787.29,1691.87,1709.77,2172.83,2057.14,1931.45,1980.45,2017.61,2057.19,2599.69,2457.56,2146.22,2185.76,2103.13,2097.22,2707.06
Seguros y servicios financieros,124.59,133.23,138.13,141.6,145.44,151.64,162.59,171.52,179.09,193.62,207,226,249.43,272.72,289.18,305.92,331.66,349.79,367.32,421.63,468.81,516.88,581.16,721.69,938.23,1078.86,1205.24,1357.15,1516.34,1618.2,1724.28,1843.77,1972.44,2035.85,2153.27,2303.52,2377.77,2526.79,2559.14,2653.07,2744.66,2848.09,3009.85,3086.51,3196.26,3264.06,3410.76,3547.74,3724.62,3744.58,3794.75,3878.83,3938.37,4032.25
Seguros,123.75,132.27,136.78,140.7,144.38,150.48,161.09,169.14,176.46,191.29,205.31,223.9,247.3,271.08,286.35,301.9,327.62,344.47,362.31,415.16,465.93,510.47,582.41,728.6,952.28,1107.4,1221.83,1370.04,1504.24,1597.54,1712.24,1822.75,1965.36,2025.06,2144.54,2298.59,2374.38,2529.89,2566.33,2637.62,2715.33,2813.94,2986.38,3062.11,3182.29,3239.84,3371.76,3518.16,3691.25,3699.24,3756.51,3843.99,3888.28,3978.1
Servicios financieros,131.24,140.88,148.77,148.77,153.87,160.87,174.41,190.42,199.84,212.04,220.37,242.63,266.31,285.76,311.58,337.74,363.68,391.91,406.91,472.83,491.61,567.63,571.31,666.95,827.02,852.92,1073.94,1255.08,1612.13,1781.82,1819.67,2010.16,2028.5,2121.27,2222.41,2342.63,2404.59,2502.22,2502.22,2775.32,2976.94,3118.44,3195.7,3279.65,3306.88,3455.84,3719.53,3781.9,3988.87,4103.6,4097.55,4154.63,4334.9,4460.99
"Cuidado personal, protección social y otros productos",125.08,130.32,137,146.33,153.73,167.64,179.65,190.22,199.59,208.14,219.84,234.24,246.04,263.64,281.1,302.04,322.86,341.35,375.99,413.31,453.3,498.27,632.43,857.98,981.07,1079.24,1149.54,1199.29,1239.93,1289.02,1336.08,1398.63,1452.13,1496.35,1541.86,1582.58,1633.91,1676.5,1738,1775.13,1818.88,1859.98,1902.08,1955.25,2020.25,2095.47,2137.4,2191.63,2241.88,2280.05,2355.15,2401.16,2444.46,2508.82
Cuidado personal,125.4,130.68,138.57,145.31,152.92,166.37,180.64,192.41,203.24,212.49,225.02,238,251.9,269.45,287.47,311.01,332.32,352.51,390.17,429.45,472.53,522.27,693.61,983.47,1135.16,1257.47,1308.71,1359.68,1399.85,1455.22,1501.13,1567.26,1629.27,1670.26,1723.93,1762.99,1818.44,1849.84,1917.1,1959.13,2016.97,2067.71,2117.78,2184.16,2268.17,2363.57,2408.68,2473.71,2540.3,2578.26,2666.23,2726.03,2767.82,2843.45
Efectos personales,125.37,133.01,140.4,149.22,161.9,183.54,196.91,209.45,219.32,234.57,255.04,268.14,280.17,316.91,343.72,374.87,387.5,408.38,473.78,545.14,617.23,662.36,743.59,874.6,931.68,977.44,1043.08,1061.62,1114.3,1127.35,1146.67,1186.48,1250.98,1274.11,1288.95,1280.86,1308.74,1337.14,1397.02,1398.5,1373.98,1352.37,1338.07,1350.56,1345,1374.06,1398.67,1388.45,1379.02,1368.61,1416.62,1400.86,1442.33,1402.54
Otros servicios,124.99,125.8,126.61,157.08,158.52,176.16,177.23,179.18,180.65,182.11,183.67,201.45,202.59,204.35,206.16,208.63,229.9,232.56,235,237.88,242.18,263.92,290.8,336.47,350.17,363.36,555.7,565.91,576.02,586.08,595.45,603.9,611.37,617.24,622.78,629.08,633.35,700.01,706.83,712.09,716.45,722.24,726.71,731.2,735.91,741.31,750.94,757.07,767.81,807.74,813.08,818.96,821.53,871.89
¹ Base 2021 = 100.,,,,,,,,,,,,,,,,,,,,,,,,,,,,,,,,,,,,,,,,,,,,,,,,,,,,,,
Fuente: Instituto de Estadística y Censos de la Ciudad Autónoma de Buenos Aires (Jefatura de Gabinete de Ministros - GCBA). IPCBA.,,,,,,,,,,,,,,,,,,,,,,,,,,,,,,,,,,,,,,,,,,,,,,,,,,,,,,
